City_ID,City,Lat,Lng,Max Temp,Humidity,Cloudiness,Wind Speed,Country,Date
0,wailua homesteads,22.0669,-159.378,23.24,74,100,9.26,US,1709005006
1,vennesla,58.2694,7.9741,-4.03,93,24,2.06,NO,1709005007
2,severo-yeniseyskiy,60.3725,93.0408,-19.12,95,97,0.89,RU,1709005007
3,molochnoye,59.2917,39.6787,0.18,94,100,5.36,RU,1709005007
4,albany,42.6001,-73.9662,3.18,78,97,0.45,US,1709005007
5,christchurch,-43.5333,172.6333,19.95,74,75,7.2,NZ,1709004901
6,borogontsy,62.6683,131.1683,-24.6,92,100,0.35,RU,1709005008
7,jamestown,42.097,-79.2353,11.77,76,95,0.45,US,1709004659
8,utrik,11.2278,169.8474,27.01,78,22,8.15,MH,1709005009
9,invercargill,-46.4,168.35,17.79,77,90,4.92,NZ,1709005009
10,beitbridge,-22.2167,30.0,21.26,78,100,7.96,ZW,1709005009
11,solleftea,63.1667,17.2667,-11.08,98,58,0.54,SE,1709005009
12,jesup,31.6074,-81.8854,13.86,71,0,0.0,US,1709005009
13,kalevala,65.2,31.1667,1.16,98,100,5.81,RU,1709005010
14,fereydunshahr,32.941,50.121,-9.43,92,100,2.6,IR,1709005010
15,port-aux-francais,-49.35,70.2167,6.06,69,4,7.23,TF,1709005010
16,raja,8.4596,25.678,23.82,29,94,1.38,SS,1709005010
17,stanley,54.868,-1.6985,2.01,85,0,3.6,GB,1709005011
18,edinburgh of the seven seas,-37.0676,-12.3116,15.28,88,100,12.3,SH,1709005011
19,kupang,-10.1667,123.5833,31.32,84,40,5.14,ID,1709005011
20,mawu,29.5923,107.3139,9.57,55,96,0.71,CN,1709005011
21,kodiak,57.79,-152.4072,1.73,80,100,9.26,US,1709005011
22,makary,12.5717,14.4666,24.88,44,88,3.73,CM,1709005012
23,puerto natales,-51.7236,-72.4875,11.01,87,84,0.77,CL,1709005012
24,adamstown,-25.066,-130.1015,25.37,81,100,5.17,PN,1709005012
25,hamilton,39.1834,-84.5333,17.67,52,100,4.63,US,1709005012
26,aykhal,66.0,111.5,-20.19,72,64,5.18,RU,1709005012
27,balatonboglar,46.7752,17.6441,8.27,90,100,1.23,HU,1709005013
28,callao,-12.0667,-77.15,26.51,78,75,8.23,PE,1709005013
29,martapura,-3.4167,114.85,31.05,62,20,1.54,ID,1709005013
30,waitangi,-43.9535,-176.5597,17.12,97,100,1.34,NZ,1709005013
31,hawaiian paradise park,19.5933,-154.9731,22.15,83,75,4.63,US,1709005013
32,mount gambier,-37.8333,140.7667,30.41,23,37,0.26,AU,1709005014
33,ratnagiri,16.9833,73.3,29.67,35,8,0.72,IN,1709004637
34,ulaangom,49.9811,92.0667,-22.15,95,100,1.62,MN,1709005014
35,lebu,-37.6167,-73.65,13.33,93,12,4.63,CL,1709005014
36,biltine,14.5333,20.9167,25.43,17,49,5.47,TD,1709005015
37,iskateley,67.6803,53.1512,-1.1,94,100,7.6,RU,1709005015
38,longyearbyen,78.2186,15.6401,-8.09,73,75,2.57,SJ,1709005015
39,kailua-kona,19.6406,-155.9956,24.98,87,100,4.12,US,1709005015
40,ivdel',60.6911,60.4206,-2.21,80,100,4.02,RU,1709005015
41,nyurba,63.2842,118.3319,-21.39,93,96,3.01,RU,1709005016
42,shimoda,34.6667,138.95,12.28,33,4,2.56,JP,1709005016
43,east london,-33.0153,27.9116,16.52,72,100,2.57,ZA,1709005016
44,georgetown,5.4112,100.3354,32.97,50,20,5.14,MY,1709004520
45,port hedland,-20.3167,118.5667,38.03,47,95,4.12,AU,1709004467
46,grytviken,-54.2811,-36.5092,-0.05,86,48,3.3,GS,1709005017
47,tralee,52.2704,-9.7026,8.33,86,100,4.85,IE,1709005017
48,margate,51.3813,1.3862,6.5,74,32,4.02,GB,1709005017
49,tayoltita,24.0833,-105.9333,17.36,45,31,2.14,MX,1709005018
50,parry sound,45.3501,-80.033,3.03,44,98,6.55,CA,1709004908
51,chonchi,-42.6128,-73.8092,13.56,97,98,0.85,CL,1709005018
52,togur,58.3631,82.8265,-17.14,96,100,2.68,RU,1709005018
53,katsuura,35.1333,140.3,9.53,39,0,11.83,JP,1709005019
54,tazovsky,67.4667,78.7,-7.51,95,100,4.03,RU,1709005019
55,bethel,41.3712,-73.414,5.18,78,0,1.54,US,1709005019
56,blackmans bay,-43.0167,147.3167,21.52,57,27,0.45,AU,1709005020
57,naze,28.3667,129.4833,13.51,67,98,4.81,JP,1709005020
58,avarua,-21.2078,-159.775,29.03,84,20,2.57,CK,1709005021
59,colonia,50.9333,6.95,6.81,89,100,2.06,DE,1709005021
60,ribeira grande,38.5167,-28.7,15.99,74,5,3.58,PT,1709005021
61,barranca,-10.75,-77.7667,23.8,80,58,3.4,PE,1709004885
62,qusmuryn,52.4503,64.6311,-14.31,89,35,0.87,KZ,1709005022
63,puerto ayora,-0.7393,-90.3518,26.97,88,62,4.47,EC,1709005022
64,bilibino,68.0546,166.4372,-31.93,99,97,0.78,RU,1709005022
65,fort st. john,56.2499,-120.8529,-22.06,77,100,5.14,CA,1709004947
66,coronel suarez,-37.4547,-61.9334,19.32,90,45,2.59,AR,1709005023
67,jefferson city,38.5767,-92.1735,20.95,43,0,2.57,US,1709004995
68,al hufuf,25.3646,49.5653,13.19,62,0,1.54,SA,1709004769
69,kone,-21.0595,164.8658,30.1,61,75,4.5,NC,1709005023
70,whitehorse,60.7161,-135.0538,-15.57,60,20,4.63,CA,1709004901
71,shenjiamen,29.9576,122.298,7.25,72,63,6.36,CN,1709005024
72,bertoua,4.5833,13.6833,22.56,48,62,1.12,CM,1709005024
73,souillac,-20.5167,57.5167,26.21,78,40,4.63,MU,1709005024
74,svobodnyy,51.4,128.1333,-13.54,81,100,2.39,RU,1709005024
75,axim,4.8699,-2.2405,26.29,90,79,1.85,GH,1709005025
76,tofol,5.3248,163.0078,27.88,83,75,1.54,FM,1709005025
77,carnarvon,-24.8667,113.6333,27.63,68,9,6.66,AU,1709005025
78,bredasdorp,-34.5322,20.0403,15.54,75,0,5.0,ZA,1709005025
79,gorno-altaysk,51.9561,85.955,-13.6,95,100,1.79,RU,1709005025
80,katima mulilo,-17.5,24.2667,18.97,91,100,1.22,NA,1709004878
81,rouached,36.4577,6.0427,9.5,78,100,3.56,DZ,1709005026
82,behompy,-23.2496,43.8557,26.58,69,6,1.69,MG,1709005026
83,port mathurin,-19.6833,63.4167,26.05,73,20,6.17,MU,1709005026
84,happy valley-goose bay,53.3168,-60.3315,-3.83,80,75,3.6,CA,1709005027
85,iqaluit,63.7506,-68.5145,-28.15,69,0,2.57,CA,1709005027
86,flying fish cove,-10.4217,105.6791,29.82,79,75,4.63,CX,1709005027
87,warah,27.4481,67.7978,15.55,62,47,4.49,PK,1709005027
88,vila franca do campo,37.7167,-25.4333,13.23,82,5,3.67,PT,1709005027
89,non sung,15.1801,102.2569,32.9,36,5,3.81,TH,1709005028
90,ad darb,17.7229,42.2526,24.56,75,5,1.88,SA,1709005028
91,abashiri,44.0213,144.2697,-2.84,93,75,7.2,JP,1709005028
92,merizo village,13.2658,144.6691,29.31,75,43,6.32,GU,1709005028
93,la passe,45.5549,-0.8967,7.13,89,100,10.4,FR,1709005029
94,polyarnyy,69.1989,33.4478,-3.8,84,100,4.69,RU,1709005029
95,pacasmayo,-7.4006,-79.5714,24.3,77,100,4.56,PE,1709005029
96,ilulissat,69.2167,-51.1,-16.99,66,75,2.57,GL,1709005029
97,klyuchi,52.2667,79.1667,-10.91,95,90,1.19,RU,1709005030
98,calama,-22.4667,-68.9333,15.27,26,0,3.09,CL,1709005030
99,heber city,40.5069,-111.4132,6.97,57,75,10.29,US,1709005030
100,ingeniero jacobacci,-41.3427,-69.5448,17.08,38,12,3.1,AR,1709005030
101,steinbach,50.1667,8.5667,7.57,82,0,5.14,DE,1709005031
102,lerwick,60.1545,-1.1494,6.0,80,100,15.45,GB,1709005031
103,talnakh,69.4865,88.3972,-10.44,95,100,6.84,RU,1709005031
104,cartagena del chaira,1.3349,-74.8429,24.76,77,93,1.14,CO,1709005031
105,crane,31.3974,-102.3501,23.68,19,100,2.76,US,1709005032
106,tamandare,-8.7597,-35.1047,26.48,77,99,2.8,BR,1709004803
107,badger,64.8,-147.5333,-11.86,49,40,1.54,US,1709005032
108,sao vicente,-23.9631,-46.3919,27.37,26,73,1.34,BR,1709005032
109,bonthe,7.5264,-12.505,24.85,92,12,0.76,SL,1709005033
110,papatowai,-46.5619,169.4708,15.13,83,100,2.0,NZ,1709005033
111,tiksi,71.6872,128.8694,-18.22,78,100,15.3,RU,1709005033
112,yamba,-5.9,22.3,20.3,98,100,1.04,CD,1709005033
113,lerma,42.0261,-3.7598,1.31,84,98,11.04,ES,1709005034
114,qaqortoq,60.7167,-46.0333,-12.18,80,100,3.93,GL,1709005034
115,tamanrasset,22.785,5.5228,10.95,13,0,1.03,DZ,1709005034
116,vorgashor,67.5833,63.95,-1.89,97,100,4.63,RU,1709005034
117,saint-philippe,-21.3585,55.7679,26.77,84,66,7.13,RE,1709005034
118,gustavsberg,59.3268,18.3898,1.81,97,100,1.1,SE,1709005035
119,banda aceh,5.5577,95.3222,31.17,62,99,4.79,ID,1709005035
120,isafjordur,66.0755,-23.124,0.46,95,100,0.57,IS,1709005035
121,hithadhoo,-0.6,73.0833,27.86,77,95,4.55,MV,1709005035
122,port alfred,-33.5906,26.891,17.95,58,87,1.51,ZA,1709005036
123,afaahiti,-17.75,-149.2833,27.93,77,29,3.41,PF,1709005036
124,veinticinco de mayo,-35.4323,-60.1727,18.88,97,70,2.52,AR,1709005036
125,antonio enes,-16.2325,39.9086,25.06,93,100,2.76,MZ,1709005036
126,villa gesell,-37.2639,-56.973,20.03,95,6,4.78,AR,1709005037
127,ushuaia,-54.8,-68.3,11.81,82,0,1.03,AR,1709005037
128,port elizabeth,-33.918,25.5701,16.17,79,75,1.03,ZA,1709004848
129,bandarbeyla,9.4942,50.8122,25.24,68,99,3.62,SO,1709005037
130,skowhegan,44.7651,-69.7192,2.28,86,48,0.25,US,1709005038
131,san pedro,14.35,121.0167,30.75,58,75,4.63,PH,1709004994
132,geneseo,42.7959,-77.8169,6.7,72,96,4.35,US,1709005038
133,vadso,70.0744,29.7487,0.09,74,0,6.17,NO,1709005038
134,siwa oasis,29.2041,25.5195,11.98,61,0,3.11,EG,1709005038
135,papao,-17.75,-149.55,28.82,76,41,4.05,PF,1709005039
136,namibe,-15.1961,12.1522,23.56,80,94,2.05,AO,1709005039
137,la ronge,55.1001,-105.2842,-23.86,53,75,3.09,CA,1709005039
138,nuuk,64.1835,-51.7216,-5.66,79,100,10.8,GL,1709005039
139,berdigestyakh,62.0989,126.6992,-22.42,94,100,1.44,RU,1709005039
140,punta arenas,-53.15,-70.9167,12.06,87,75,3.09,CL,1709005040
141,remire-montjoly,4.9167,-52.2667,23.02,94,0,0.51,GF,1709005040
142,lihue,21.9789,-159.3672,23.58,73,100,9.26,US,1709005040
143,keflavik,64.0049,-22.5624,3.24,81,75,10.29,IS,1709005040
144,tindouf,27.6711,-8.1474,12.25,71,98,9.26,DZ,1709005040
145,kapuskasing,49.4169,-82.4331,-4.95,80,100,6.69,CA,1709004902
146,great bend,38.3645,-98.7648,13.91,53,0,4.63,US,1709005041
147,olonkinbyen,70.9221,-8.7187,-0.34,100,100,2.64,SJ,1709005041
148,aasiaat,68.7098,-52.8699,-19.35,98,100,4.5,GL,1709005041
149,casablanca,33.5928,-7.6192,15.18,72,76,2.68,MA,1709004904
150,priob'ye,62.5206,65.5964,-3.87,96,100,4.19,RU,1709005042
151,vernon,50.2581,-119.2691,0.42,83,100,2.24,CA,1709004742
152,tvardita,46.1547,28.9656,2.58,81,100,2.66,MD,1709005042
153,yuzhno-kurilsk,44.0306,145.8556,-3.68,85,100,6.98,RU,1709005042
154,al buraymi,24.2509,55.7931,14.68,88,0,1.54,OM,1709005043
155,fale old settlement,-9.3852,-171.2468,28.67,75,93,6.78,TK,1709005043
156,saipan,15.1355,145.701,29.39,54,20,2.06,MP,1709005043
157,west island,-12.1568,96.8225,28.37,73,21,5.0,CC,1709005044
158,kavieng,-2.5744,150.7967,29.09,70,78,1.75,PG,1709005044
159,lamu,-2.2717,40.902,26.47,83,86,0.39,KE,1709005044
160,sur,22.5667,59.5289,23.5,73,47,4.09,OM,1709005044
161,ulsteinvik,62.3432,5.8487,4.5,78,100,6.56,NO,1709005044
162,anadyr,64.75,177.4833,-17.72,84,75,4.0,RU,1709005045
163,aktau,43.65,51.2,-6.68,49,6,4.78,KZ,1709005045
164,campos belos,-13.0367,-46.7717,19.96,76,100,1.01,BR,1709005045
165,erenhot,43.6475,111.9767,-9.11,60,87,4.44,CN,1709005045
166,margaret river,-33.95,115.0667,21.0,44,0,7.39,AU,1709005046
167,aleksandrovsk-sakhalinskiy,50.8975,142.1561,-8.02,86,60,2.38,RU,1709005046
168,petropavlovsk-kamchatsky,53.0452,158.6483,-7.67,61,0,6.0,RU,1709005046
169,kagal,16.5833,74.3167,27.79,44,76,4.71,IN,1709005046
170,sao joao da barra,-21.6403,-41.0511,22.61,86,60,1.83,BR,1709005047
171,roma,43.2128,-75.4557,5.48,88,0,2.06,US,1709004798
172,la sarre,48.8002,-79.1996,-6.13,94,100,4.14,CA,1709005047
173,pisco,-13.7,-76.2167,24.45,83,100,5.14,PE,1709005047
174,sao desiderio,-12.3633,-44.9733,21.01,73,42,1.12,BR,1709005048
175,qurayyat,31.3318,37.3428,8.1,66,0,3.09,SA,1709005048
176,veraval,20.9,70.3667,26.51,34,1,3.94,IN,1709005048
177,urzhar,47.093,81.6294,-11.14,83,83,0.15,KZ,1709005048
178,al jawf,29.5,38.75,10.79,50,3,4.75,SA,1709005048
179,timimoun,29.2639,0.231,15.21,21,0,5.66,DZ,1709005049
180,novaya igirma,57.1334,103.9112,-15.51,85,100,1.62,RU,1709005049
181,makushino,55.2103,67.2442,-9.71,93,100,2.94,RU,1709005049
182,al wakrah,24.85,51.3333,14.05,65,0,2.28,QA,1709005049
183,tura,25.5198,90.2201,24.69,25,80,0.88,IN,1709005050
184,la'ie,21.6477,-157.9253,25.98,72,11,2.68,US,1709005050
185,newman,37.3138,-121.0208,16.13,89,74,0.89,US,1709005050
186,caister-on-sea,52.6481,1.7265,5.55,84,10,3.56,GB,1709005050
187,yellowknife,62.456,-114.3525,-27.47,91,0,2.57,CA,1709005050
188,ta`u,-14.2336,-169.5144,29.0,74,99,6.11,AS,1709005051
189,rulenge,-2.7175,30.6325,16.89,92,100,0.61,TZ,1709005051
190,obsharovka,53.125,48.8531,-27.81,100,75,0.74,RU,1709005051
191,mejit,10.2753,170.8646,27.13,80,95,8.5,MH,1709005051
192,monte alegre,-2.0078,-54.0692,23.63,93,99,0.41,BR,1709005052
193,trashigang,27.3331,91.5542,17.34,41,100,2.13,BT,1709005052
194,zeya,53.75,127.2667,-14.17,86,100,1.35,RU,1709005052
195,minas de marcona,-15.2119,-75.1103,19.22,88,96,5.38,PE,1709005052
196,baiti,13.745,-14.7482,23.64,12,2,2.32,SN,1709005053
197,letlhakane,-21.4167,25.5833,20.32,81,99,6.51,BW,1709005053
198,awjilah,29.1081,21.2869,10.93,46,0,1.56,LY,1709005053
199,tolanaro,-25.0319,46.9987,26.04,94,40,6.17,MG,1709005053
200,wenling,28.3669,121.36,9.89,64,53,4.67,CN,1709005053
201,constitucion,-35.3333,-72.4167,14.45,80,0,5.56,CL,1709005054
202,konarka,19.9,86.1167,24.22,51,0,2.83,IN,1709005054
203,rioja,-29.4111,-66.8507,24.93,81,36,0.42,AR,1709004835
204,coahuayana de hidalgo,18.7,-103.6583,21.9,92,7,1.32,MX,1709005054
205,kamiiso,41.8167,140.65,4.21,60,75,4.63,JP,1709005054
206,nova sintra,14.8667,-24.7167,19.51,76,24,6.86,CV,1709005055
207,swakopmund,-22.6833,14.5333,16.1,87,4,2.69,NA,1709005055
208,san patricio,28.017,-97.5169,21.58,89,99,7.44,US,1709005055
209,jilin,43.0,126.0,-4.69,55,100,2.63,CN,1709005055
210,gizo,-8.103,156.8419,29.01,75,99,3.41,SB,1709005056
211,myskhako,44.6714,37.7433,3.66,71,2,4.57,RU,1709005056
212,alice springs,-23.7,133.8833,39.01,16,90,3.09,AU,1709005056
213,fisterra,42.9049,-9.2629,10.97,62,37,11.77,ES,1709005056
214,nahiyat ash shinafiyah,31.5874,44.6602,9.86,49,90,4.9,IQ,1709005056
215,semibratovo,57.3046,39.5369,-5.03,90,99,5.78,RU,1709005057
216,neon karlovasion,37.7903,26.7044,14.39,66,5,3.38,GR,1709005057
217,ketchikan,55.3422,-131.6461,-1.01,46,0,3.09,US,1709004801
218,horsham,51.064,-0.3272,3.87,77,13,3.72,GB,1709005057
219,nagqu,31.5,92.0,0.28,14,1,9.56,CN,1709005057
220,nicoya,10.1483,-85.452,24.5,73,0,4.56,CR,1709005058
221,uruacu,-14.5247,-49.1408,20.92,79,67,1.09,BR,1709004838
222,brookings,44.3114,-96.7984,10.06,66,0,1.54,US,1709005058
223,luderitz,-26.6481,15.1594,15.86,84,0,0.77,NA,1709005058
224,udachny,66.4167,112.4,-19.37,76,51,3.94,RU,1709005059
225,st. john's,47.5649,-52.7093,-3.25,93,75,4.63,CA,1709005059
226,hermanus,-34.4187,19.2345,17.11,76,0,8.36,ZA,1709005059
227,pangai,-19.8,-174.35,31.06,84,20,2.57,TO,1709005059
228,haiku-pauwela,20.9219,-156.3051,23.01,67,20,10.8,US,1709005060
229,juankoski,63.0667,28.35,0.14,98,100,0.86,FI,1709005060
230,lagos,6.5833,3.75,27.18,91,10,1.29,NG,1709004783
231,sitka,57.0531,-135.33,-2.06,40,0,6.69,US,1709004801
232,mar del plata,-38.0023,-57.5575,21.08,91,0,4.47,AR,1709005060
233,magadan,59.5667,150.8,-15.26,83,4,1.55,RU,1709005061
234,valdez,1.2492,-78.9831,26.13,82,90,0.29,EC,1709005061
235,tazacorte,28.629,-17.9293,18.97,78,100,8.05,ES,1709005061
236,masterton,-40.9597,175.6575,20.06,39,4,3.55,NZ,1709005061
237,tan-tan,28.438,-11.1032,15.74,76,100,12.1,MA,1709005061
238,bucerias,20.75,-105.3333,22.99,88,0,0.0,MX,1709005062
239,valparaiso,-33.0393,-71.6273,17.8,82,0,2.57,CL,1709004826
240,coquimbo,-29.9533,-71.3436,18.85,82,100,2.06,CL,1709004835
241,palikir - national government center,6.9248,158.1611,31.41,66,100,4.12,FM,1709005062
242,ola,59.5833,151.2833,-14.92,82,10,1.63,RU,1709005063
243,ust-nera,64.5667,143.2,-28.17,96,70,2.38,RU,1709005063
244,tucumcari,35.1717,-103.725,17.91,29,0,10.29,US,1709005063
245,faya-largeau,17.9257,19.1043,21.91,20,79,9.23,TD,1709005063
246,atafu village,-8.5421,-172.5159,28.53,78,100,7.91,TK,1709005063
247,tame,6.461,-71.73,26.39,53,97,1.7,CO,1709005064
248,sinabang,2.4803,96.3801,30.28,67,31,1.51,ID,1709005064
249,gadzhiyevo,69.2551,33.3362,-4.03,82,100,5.07,RU,1709005064
250,guerrero negro,27.9769,-114.0611,17.76,70,100,4.1,MX,1709005064
251,ellsworth,44.5434,-68.4195,2.02,89,0,0.89,US,1709005065
252,revda,56.801,59.9303,-8.55,73,100,4.84,RU,1709005065
253,hanover,52.3705,9.7332,4.43,92,100,2.57,DE,1709005065
254,college,64.8569,-147.8028,-11.82,47,20,1.54,US,1709005065
255,ensenada,31.8667,-116.6167,14.97,80,100,0.37,MX,1709004911
256,alesund,62.4723,6.1549,4.51,60,100,6.17,NO,1709005066
257,peace river,56.2501,-117.286,-19.83,77,100,1.54,CA,1709005066
258,kaa-khem,51.6833,94.7333,-19.77,94,100,1.26,RU,1709005066
259,ebaye,8.7748,167.7392,30.01,74,40,5.66,MH,1709005066
260,nar'yan-mar,67.6713,53.087,-1.05,94,100,7.6,RU,1709005067
261,khunti,23.0833,85.2833,19.06,43,99,0.68,IN,1709005067
262,azna,33.6095,48.9307,-1.32,82,100,1.42,IR,1709005067
263,nizhneudinsk,54.9076,99.0276,-13.12,82,100,0.99,RU,1709005067
264,kununurra,-15.7667,128.7333,35.99,52,29,2.06,AU,1709005067
265,kapa'a,22.0752,-159.319,23.99,73,100,9.26,US,1709005068
266,jutai,-5.1833,-68.9,21.83,98,99,0.53,BR,1709005068
267,luanda,-8.8368,13.2343,26.0,94,75,1.54,AO,1709005068
268,tanjung pinang,0.9167,104.45,25.02,68,88,6.77,ID,1709005068
269,al qaryatayn,34.2296,37.2407,6.55,52,33,1.9,SY,1709005068
270,nadym,65.5333,72.5167,-1.69,96,100,6.66,RU,1709005069
271,kita,13.0349,-9.4895,25.04,14,61,0.6,ML,1709005069
272,port douglas,-16.4833,145.4667,29.4,74,96,3.18,AU,1709005069
273,krasnoturansk,54.3186,91.5639,-18.35,97,98,0.53,RU,1709005070
274,tual,-5.6667,132.75,28.58,79,87,6.4,ID,1709005070
275,saint-francois,46.4154,3.9054,5.36,100,100,0.0,FR,1709005070
276,okhotsk,59.3833,143.3,-18.24,72,4,2.17,RU,1709005070
277,hadibu,12.65,54.0333,24.94,71,99,2.39,YE,1709005071
278,takoradi,4.8845,-1.7554,26.58,89,89,1.83,GH,1709005071
279,menzel kamel,35.6248,10.6673,13.69,62,20,2.57,TN,1709005071
280,enshi,30.3,109.4833,9.67,59,65,0.64,CN,1709005071
281,mancio lima,-7.6142,-72.8958,24.04,100,75,1.03,BR,1709005071
282,yerofey pavlovich,53.9667,121.9667,-14.4,61,100,2.83,RU,1709005072
283,haimen,23.1935,116.6142,14.94,68,100,5.04,CN,1709005072
284,pangody,65.85,74.4859,-3.2,98,100,6.46,RU,1709005072
285,uturoa,-16.7333,-151.4333,28.99,75,14,4.49,PF,1709005072
286,rio grande,-32.035,-52.0986,21.64,91,100,10.96,BR,1709005072
287,thompson,55.7435,-97.8558,-25.91,58,20,2.06,CA,1709005073
288,chimore,-16.9833,-65.1333,22.42,99,100,0.81,BO,1709005073
289,flat river,37.8501,-90.5168,17.59,82,0,7.2,US,1709005073
290,meadow lake,34.8014,-106.5436,13.72,49,94,7.5,US,1709005073
291,urengoy,65.9667,78.3667,-4.04,95,100,5.74,RU,1709005074
292,tetouan,35.5711,-5.3724,11.43,76,57,4.63,MA,1709005074
293,loches,47.1333,1.0,6.72,93,100,8.01,FR,1709005074
294,fortuna,40.5982,-124.1573,8.14,86,20,4.63,US,1709005074
295,enewetak,11.3474,162.3373,27.24,77,73,5.28,MH,1709005075
296,colesberg,-30.72,25.0972,7.36,80,0,3.67,ZA,1709005075
297,antsiranana,-12.2787,49.2917,24.42,94,75,2.06,MG,1709004834
298,island harbour,50.724,-1.2758,3.85,90,5,3.13,GB,1709005075
299,kem',64.9555,34.5793,-0.13,92,100,2.27,RU,1709005075
300,basco,20.4487,121.9702,22.63,78,96,8.05,PH,1709005076
301,laguna,38.421,-121.4238,14.86,74,0,6.17,US,1709005076
302,dryden,49.7833,-92.7503,-4.84,86,100,4.63,CA,1709005076
303,puerto baquerizo moreno,-0.9,-89.6,26.27,77,23,5.41,EC,1709005077
304,kasama,-10.2129,31.1808,15.79,95,100,1.18,ZM,1709005077
305,tubarjal,30.4999,38.216,10.53,51,53,5.59,SA,1709005077
306,igarka,67.4667,86.5833,-11.0,94,100,8.25,RU,1709005077
307,kerikeri,-35.2268,173.9474,22.73,81,94,2.7,NZ,1709005077
308,mount pearl,47.5166,-52.7813,-3.71,93,75,4.63,CA,1709004963
309,hilo,19.7297,-155.09,22.27,82,75,4.63,US,1709005078
310,port lincoln,-34.7333,135.8667,26.12,57,25,4.24,AU,1709005078
311,cefalu,38.0386,14.0229,12.77,74,100,1.34,IT,1709005079
312,juba,4.8517,31.5825,26.74,53,53,1.94,SS,1709005079
313,worcester,42.3334,-71.8328,4.47,85,0,1.54,US,1709004823
314,alofi,-19.0595,-169.9187,29.94,79,40,4.63,NU,1709005079
315,chibougamau,49.9168,-74.3659,-17.21,78,100,2.57,CA,1709005080
316,scarborough,54.2797,-0.4044,4.25,92,80,3.2,GB,1709005080
317,sola,-13.8833,167.55,31.37,74,100,3.09,VU,1709005080
318,culiacan,24.7994,-107.3897,20.82,73,40,2.57,MX,1709004671
319,sapanca,40.6914,30.2674,8.11,87,40,2.06,TR,1709005081
320,rice lake,45.5061,-91.7382,7.18,79,0,0.0,US,1709005081
321,selfoss,63.9331,-20.9971,2.8,75,100,10.62,IS,1709005086
322,harnai,30.1005,67.9374,10.85,66,76,0.59,PK,1709005087
323,lauro de freitas,-12.8944,-38.3272,28.01,78,75,5.66,BR,1709005087
324,hobyo,5.3505,48.5268,26.33,68,100,5.55,SO,1709005087
325,zelenogradsk,54.9589,20.4767,9.09,100,40,3.0,RU,1709005087
326,new norfolk,-42.7826,147.0587,21.72,28,25,1.54,AU,1709005088
327,san antonio de pale,-1.4014,5.6325,28.22,78,52,3.07,GQ,1709005088
328,yako,12.9667,-2.2667,25.98,23,15,2.35,BF,1709005088
329,tougan,13.0667,-3.0667,26.22,22,61,1.57,BF,1709005089
330,usinsk,65.9939,57.5281,0.04,97,100,8.49,RU,1709005089
331,barabinsk,55.3571,78.357,-16.61,95,100,3.27,RU,1709005089
332,kandahar,31.0,65.75,6.68,91,100,4.09,AF,1709005089
333,castillos,-34.1667,-53.8333,20.34,96,100,1.61,UY,1709005090
334,mareeba,-17.0,145.4333,30.27,66,96,2.97,AU,1709005090
335,uruzgan,32.8333,66.0,2.63,92,100,0.94,AF,1709005090
336,aioun,16.6614,-9.6149,23.5,8,49,4.16,MR,1709005090
337,porbandar,21.6422,69.6093,22.99,35,4,7.72,IN,1709005091
338,brownfield,33.1812,-102.2744,20.53,31,92,3.74,US,1709005091
339,qa'en,33.7265,59.1844,-4.92,95,99,1.47,IR,1709005091
340,turek,52.0155,18.5005,7.63,85,100,2.23,PL,1709005091
341,horta,38.5333,-28.6333,15.01,75,5,2.24,PT,1709005092
342,bernal,-5.45,-80.75,27.91,58,100,4.56,PE,1709005092
343,touros,-5.1989,-35.4608,25.4,89,61,2.53,BR,1709005092
344,kanker,20.2719,81.4931,28.28,49,56,1.21,IN,1709005093
345,pedernales,18.0384,-71.744,25.1,72,6,0.86,DO,1709005093
346,bereznik,62.8551,42.7072,-2.27,97,100,2.08,RU,1709005093
347,madison,34.7334,-86.5667,18.89,50,0,6.26,US,1709004681
348,woolgoolga,-30.1106,153.2007,28.36,62,26,4.01,AU,1709005094
349,nova vicosa,-17.8919,-39.3719,25.13,90,5,2.95,BR,1709005094
350,holualoa,19.6228,-155.9522,22.91,86,100,4.12,US,1709004860
351,aleksandrov gay,50.147,48.5704,-12.95,80,18,3.1,RU,1709005094
352,connell,46.6635,-118.8611,3.75,71,100,1.34,US,1709005095
353,dunedin,-45.8742,170.5036,17.67,77,56,2.24,NZ,1709005095
354,labrador city,52.9463,-66.9114,-10.05,87,75,5.66,CA,1709005095
355,santa cruz,-17.8,-63.1667,24.7,94,40,3.6,BO,1709005095
356,saldanha,-33.0117,17.9442,19.03,64,0,4.16,ZA,1709005095
357,pumiao,22.75,108.4833,8.22,76,100,1.86,CN,1709005096
358,sarkand,45.41,79.9186,-7.23,66,7,0.36,KZ,1709005096
359,puerto aysen,-45.4,-72.7,12.75,98,100,1.18,CL,1709005096
360,aripuana,-9.1667,-60.6333,22.38,98,97,0.48,BR,1709005097
361,gwarzo,11.9152,7.9346,21.86,14,7,3.23,NG,1709005097
362,portland,45.5234,-122.6762,3.51,91,51,3.13,US,1709004930
363,constantia,44.1833,28.65,5.39,91,100,4.13,RO,1709005097
364,hammerfest,70.6634,23.6821,1.25,75,100,4.12,NO,1709005097
365,dawesville,30.9224,-84.0091,15.76,81,100,2.57,US,1709005098
366,kristiansund,63.1115,7.732,0.36,86,100,3.09,NO,1709005098
367,tobelo,1.7284,128.0095,28.18,80,48,2.38,ID,1709005098
368,torghay,49.6339,63.4981,-13.86,93,29,2.76,KZ,1709005098
369,murzuq,25.9155,13.9184,12.45,22,0,4.26,LY,1709005099
370,barclayville,4.6797,-8.2339,25.69,93,31,0.94,LR,1709005099
371,hachinohe,40.5,141.5,0.77,99,100,5.29,JP,1709005099
372,cole harbour,44.6724,-63.4751,1.77,93,100,4.02,CA,1709005099
373,nuku'alofa,-21.1333,-175.2,30.19,89,75,4.63,TO,1709005099
374,mili,6.0815,171.735,28.19,79,91,6.95,MH,1709005100
375,broome,42.2506,-75.833,6.78,70,98,2.15,US,1709005100
376,smithers,54.7804,-127.1743,-11.82,56,75,4.63,CA,1709005100
377,vila velha,-20.3297,-40.2925,23.86,95,40,1.03,BR,1709005101
378,mount isa,-20.7333,139.5,30.87,70,100,4.12,AU,1709005101
379,dalandzadgad,43.5708,104.425,-9.99,60,12,3.31,MN,1709005101
380,pionerskiy,54.9508,20.2275,8.97,96,100,3.95,RU,1709005101
381,khovd,48.0056,91.6419,-14.88,68,100,1.31,MN,1709005102
382,villa luvianos,18.9167,-100.4,20.96,38,0,2.06,MX,1709005102
383,labuan bajo,-8.4964,119.8877,28.67,78,52,3.07,ID,1709005102
384,howrah,22.5892,88.3103,25.61,64,75,1.54,IN,1709005102
385,xai-xai,-25.0519,33.6442,23.17,75,95,7.03,MZ,1709005088
386,cidreira,-30.1811,-50.2056,23.11,97,100,5.58,BR,1709005103
387,merced,37.1666,-120.7516,16.13,91,78,1.79,US,1709005103
388,naryn,41.4287,75.9911,-8.67,81,100,1.78,KG,1709005103
389,machico,32.7,-16.7667,16.35,77,75,8.75,PT,1709005104
390,sortavala,61.7053,30.6918,-0.55,97,100,3.13,RU,1709005104
391,sondrio,46.169,9.8692,8.07,89,100,2.33,IT,1709005104
392,morehead city,34.7229,-76.726,13.34,85,0,4.12,US,1709005104
393,mossel bay,-34.1831,22.146,12.96,71,3,6.66,ZA,1709005104
394,tikhvin,59.6451,33.5294,1.23,98,100,3.09,RU,1709005105
395,kalifornsky,60.4183,-151.29,-5.81,87,100,10.8,US,1709005105
396,hirara,24.8,125.2833,19.15,77,75,7.72,JP,1709005105
397,colares,38.7992,-9.4469,11.53,69,5,4.02,PT,1709005106
398,mohr,54.3528,9.7167,3.08,93,11,4.12,DE,1709005106
399,ebon,4.582,168.6964,28.61,76,81,5.09,MH,1709005106
400,lamar,33.6668,-95.5836,24.38,63,0,8.23,US,1709005106
401,tsiombe,-25.3,45.4833,25.53,83,1,2.24,MG,1709005107
402,sarykemer,43.0,71.5,-10.29,88,59,0.3,KZ,1709005107
403,erie,42.7667,-78.6664,9.58,64,94,1.34,US,1709004834
404,saudarkrokur,65.7461,-19.6394,1.83,99,100,5.15,IS,1709005107
405,shohimardon,39.9839,71.8028,-4.57,86,100,1.01,UZ,1709005108
406,cukai,4.25,103.4167,30.0,61,49,4.77,MY,1709005108
407,arno,60.1167,18.6333,-2.34,94,70,0.89,SE,1709005108
408,siloam springs,36.1881,-94.5405,23.09,48,0,5.66,US,1709005108
409,salinopolis,-0.6136,-47.3561,25.25,89,100,2.61,BR,1709005108
410,isla del bosque,22.7333,-105.85,20.87,79,1,0.92,MX,1709005109
411,abrud,46.2667,23.0667,6.03,80,26,1.65,RO,1709005109
412,nishinoomote,30.7333,131.0,12.31,66,75,5.14,JP,1709005109
413,eagleton village,35.7951,-83.9318,16.03,57,100,2.06,US,1709005109
414,arraial do cabo,-22.9661,-42.0278,24.65,89,90,3.61,BR,1709005110
415,mto wa mbu,-3.35,35.85,20.92,88,100,0.76,TZ,1709005110
416,yanai,33.9667,132.1167,10.0,47,81,6.13,JP,1709005110
417,freeport,40.6576,-73.5832,9.2,91,0,2.06,US,1709005104
418,sisimiut,66.9395,-53.6735,-12.65,80,100,7.31,GL,1709005111
419,lompoc,34.6391,-120.4579,13.4,86,100,2.57,US,1709005111
420,upington,-28.4478,21.2561,20.21,26,0,2.57,ZA,1709005111
421,moron,-34.6534,-58.6198,23.31,89,100,6.26,AR,1709005111
422,opuwo,-18.0607,13.84,19.68,33,26,1.45,NA,1709005112
423,linevo,54.4589,83.3764,-15.65,96,93,2.16,RU,1709005112
424,cururupu,-1.8283,-44.8683,23.24,99,100,1.0,BR,1709005112
425,al hazm,16.1641,44.7769,17.82,49,81,1.83,YE,1709005112
426,ust'-ilimsk,58.0006,102.6619,-17.53,92,100,1.34,RU,1709005113
427,wuhai,39.6647,106.8122,-1.48,52,100,2.46,CN,1709005113
428,bam,29.106,58.357,6.1,72,60,2.46,IR,1709005113
429,miramas,43.5833,5.0,9.44,100,0,1.54,FR,1709005113
430,tank,32.2217,70.3793,15.63,43,89,1.15,PK,1709005114
431,klaksvik,62.2266,-6.589,6.51,75,75,14.61,FO,1709005114
432,puerto cabezas,14.0351,-83.3888,24.15,84,26,4.45,NI,1709005114
433,bandundu,-3.3167,17.3667,22.33,86,100,1.34,CD,1709005114
434,kupino,54.3663,77.2981,-13.22,96,100,3.03,RU,1709005115
435,lata,40.1629,-8.3327,5.04,90,2,1.93,PT,1709005115
436,urucara,-2.5364,-57.76,22.83,99,100,0.61,BR,1709005115
437,mendi,-6.1761,143.6513,17.52,80,99,0.97,PG,1709005115
438,granada,37.25,-3.25,3.26,97,80,3.11,ES,1709005116
439,ventspils,57.3894,21.5606,1.96,100,100,1.54,LV,1709005116
440,kuytun,54.3419,101.5036,-15.48,89,100,3.21,RU,1709005116
441,oyama,36.3,139.8,10.33,22,2,5.02,JP,1709005027
442,dawei,14.0833,98.2,33.72,44,22,2.68,MM,1709005117
443,byron bay,-28.65,153.6167,27.06,59,16,5.12,AU,1709005117
444,jiayuguan,39.8167,98.3,-4.29,69,91,2.02,CN,1709005117
445,necochea,-38.5473,-58.7368,18.6,91,13,3.11,AR,1709005118
446,tacna,-18.0056,-70.2483,20.11,68,0,0.51,PE,1709005118
447,dzuunharaa,48.8523,106.4579,-16.19,83,100,1.1,MN,1709005118
448,zag,46.9441,99.165,-23.3,77,14,0.71,MN,1709005118
449,kingston,17.997,-76.7936,25.53,78,75,3.09,JM,1709004878
450,bargaal,11.2864,51.0773,24.6,73,95,1.92,SO,1709005119
451,arteche,12.2645,125.4048,27.87,62,60,6.0,PH,1709005119
452,santo antonio do ica,-3.1022,-67.9397,22.27,99,96,1.06,BR,1709005119
453,nemuro,43.3236,145.575,-1.72,77,100,11.74,JP,1709005120
454,kitimat,54.0524,-128.6534,-3.51,68,88,1.34,CA,1709005120
455,guercif,34.2257,-3.3536,9.28,73,5,6.07,MA,1709005120
456,wau,7.7029,27.9953,26.29,35,15,1.31,SS,1709005120
457,calvinia,-31.4707,19.776,13.93,47,0,4.53,ZA,1709005121
458,ajdabiya,30.7554,20.2263,12.53,64,0,3.08,LY,1709005121
459,tamazulapam villa del progreso,17.6806,-97.5689,14.69,36,41,2.97,MX,1709005121
460,armidale,-30.5167,151.65,26.33,43,31,2.71,AU,1709005121
461,manuguru,17.981,80.7547,27.95,54,5,2.5,IN,1709005122
462,sabang,5.8933,95.3214,28.76,79,94,9.62,ID,1709005122
463,dean funes,-30.4204,-64.3498,20.46,96,84,3.52,AR,1709005122
464,hamada,34.8833,132.0833,6.5,56,100,7.96,JP,1709005122
465,susuman,62.7833,148.1667,-28.36,89,61,1.08,RU,1709005122
466,kish,26.5578,54.0194,19.15,68,0,5.14,IR,1709005123
467,kerch,45.3583,36.4758,3.64,68,2,9.39,UA,1709005123
468,sos'va,59.1766,61.8558,-4.41,94,100,2.68,RU,1709005123
469,strezhevoy,60.7333,77.5889,-11.69,95,99,4.02,RU,1709005124
470,san luis potosi,22.5,-100.5,17.34,51,63,2.51,MX,1709004853
471,yujing,23.1249,120.4614,17.68,67,94,1.39,TW,1709005124
472,fort bragg,35.139,-79.006,14.91,50,0,3.6,US,1709005043
473,miles city,46.4083,-105.8406,-8.46,79,100,9.26,US,1709005124
474,codrington,-38.2667,141.9667,26.3,34,30,5.79,AU,1709005125
475,olinda,-8.0089,-34.8553,26.85,83,75,3.6,BR,1709005125
476,goundam,16.4145,-3.6708,23.97,12,2,3.5,ML,1709005125
477,ancud,-41.8697,-73.8203,13.22,94,87,1.24,CL,1709005125
478,acapulco de juarez,16.8634,-99.8901,25.9,78,20,2.57,MX,1709004971
479,bubaque,11.2833,-15.8333,25.57,64,6,4.55,GW,1709005126
480,murray bridge,-35.1167,139.2667,36.74,15,0,3.78,AU,1709005126
481,cabo san lucas,22.8909,-109.9124,23.75,68,0,5.36,MX,1709004983
482,westport,41.1415,-73.3579,6.77,82,0,0.0,US,1709005084
483,zharkent,44.1628,80.0,-4.11,51,38,1.22,KZ,1709005127
484,plettenberg bay,-34.0527,23.3716,14.27,78,5,2.42,ZA,1709005127
485,gore,-46.1028,168.9436,19.63,88,75,2.18,NZ,1709005127
486,marsa alam,25.0757,34.8918,20.99,33,0,2.3,EG,1709005128
487,kamina,-8.7386,24.9906,17.67,98,100,0.6,CD,1709005128
488,dudinka,69.4058,86.1778,-10.21,94,100,9.8,RU,1709005128
489,suva,-18.1416,178.4415,32.71,62,20,5.66,FJ,1709005128
490,ubari,26.5921,12.7805,13.13,25,0,6.13,LY,1709005128
491,pimentel,-6.8367,-79.9342,24.16,78,0,3.6,PE,1709005129
492,illizi,26.4833,8.4667,12.89,17,0,2.9,DZ,1709005129
493,stornoway,58.2093,-6.3865,7.99,93,75,14.4,GB,1709005129
494,ankazoabo,-22.2833,44.5167,24.61,77,11,0.97,MG,1709005129
495,yanykurgan,43.915,67.2481,-1.23,42,0,3.0,KZ,1709005130
496,vershino-darasunskiy,52.35,115.5167,-16.04,69,100,1.66,RU,1709005130
497,gebeit,21.0667,36.3167,15.08,36,0,1.42,SD,1709005130
498,poxoreo,-15.8372,-54.3892,22.62,91,2,1.4,BR,1709005130
499,yanchep,-31.55,115.6833,27.23,40,78,6.5,AU,1709005130
500,persembe,41.0656,37.7714,6.68,50,0,2.66,TR,1709005131
501,jardinopolis,-21.0178,-47.7639,24.68,88,0,1.54,BR,1709005131
502,broken hill,-31.95,141.4333,35.46,10,0,1.19,AU,1709005074
503,tromso,69.6496,18.957,2.01,69,100,7.72,NO,1709005132
504,kayangel,8.0823,134.7173,26.81,86,100,10.26,PW,1709005132
505,san julian,21.0167,-102.1667,19.34,20,33,2.99,MX,1709005132
506,bandar labuan,5.2888,115.2692,30.2,70,20,3.6,MY,1709005132
507,tutoia,-2.7619,-42.2744,24.09,95,100,1.65,BR,1709005132
508,talcahuano,-36.7167,-73.1167,15.82,82,0,4.63,CL,1709005133
509,verkhnevilyuysk,63.4453,120.3167,-19.3,91,73,2.21,RU,1709005133
510,toyooka,35.5333,134.8333,4.03,81,75,5.66,JP,1709005133
511,calbuco,-41.768,-73.1273,11.56,92,86,1.92,CL,1709005133
512,soc trang,9.6033,105.98,33.65,44,64,8.88,VN,1709005133
513,shaping,22.7545,112.9565,10.46,60,100,4.25,CN,1709005134
514,north ward,-19.2454,146.8075,29.95,74,75,5.66,AU,1709005134
515,port-cartier,50.0334,-66.8654,-3.94,82,26,2.77,CA,1709004898
516,novyy urengoy,66.0833,76.6333,-4.26,94,100,6.88,RU,1709005134
517,ca mau,9.1769,105.15,33.95,43,55,7.17,VN,1709005135
518,manicore,-5.8092,-61.3003,22.23,100,100,0.77,BR,1709005135
519,otjiwarongo,-20.4637,16.6477,20.21,57,39,4.56,NA,1709005007
520,san luis de la loma,17.2706,-100.8939,23.87,82,0,2.05,MX,1709005135
521,kiunga,-6.1219,141.2906,29.13,85,91,1.44,PG,1709005135
522,rongelap,11.1635,166.8941,26.83,82,50,7.39,MH,1709005136
523,bundibugyo,0.7414,30.0417,19.16,89,91,1.14,UG,1709005136
524,kingscliff,-28.2667,153.5667,29.31,61,75,7.2,AU,1709005060
525,dzuunmod,48.2199,97.3744,-18.16,68,98,1.14,MN,1709005136
526,santa ana,33.7456,-117.8678,16.03,85,75,2.57,US,1709005137
527,eraan,9.0629,117.7016,30.62,55,85,4.23,PH,1709005137
528,polatli,39.5772,32.1413,6.02,79,100,1.11,TR,1709005137
529,talakan,50.3167,130.3667,-9.52,72,70,1.44,RU,1709005137
530,yarmouth,41.7057,-70.2286,5.01,94,40,3.6,US,1709005137
531,lexington,37.9887,-84.4777,18.0,53,0,6.69,US,1709005126
532,onega,63.9061,38.1404,0.21,99,100,1.74,RU,1709005138
533,vilyuysk,63.7553,121.6247,-21.71,92,71,1.9,RU,1709005138
534,merowe,18.4833,31.8167,18.29,17,30,4.52,SD,1709005138
535,hasaki,35.7333,140.8333,10.22,38,17,12.97,JP,1709005139
536,bel ombre,-4.6167,55.4167,29.91,51,20,5.14,SC,1709005139
537,kidal,18.4411,1.4078,22.84,14,47,1.56,ML,1709005139
538,boden,65.8252,21.6886,-10.0,98,66,1.03,SE,1709005139
539,sechura,-5.5569,-80.8222,26.67,66,99,4.54,PE,1709005139
540,kolo,52.2002,18.6387,8.05,84,100,1.87,PL,1709005140
541,guinticgan,11.5641,123.1236,27.27,69,72,6.99,PH,1709005140
542,emmett,43.8735,-116.4993,1.86,71,86,0.45,US,1709005000
543,ryotsu-minato,38.0833,138.4333,4.22,71,99,9.95,JP,1709005140
544,korla,41.7597,86.1469,0.41,49,35,1.72,CN,1709005140
545,weno,7.4515,151.8468,27.63,80,67,7.44,FM,1709005141
546,sibolga,1.7427,98.7792,31.71,56,29,2.15,ID,1709005141
547,felege neway,6.3,36.8833,17.14,63,99,0.66,ET,1709005141
548,gillette,44.2911,-105.5022,-1.3,89,100,10.8,US,1709005049
549,lammi,61.0833,25.0167,0.66,87,100,2.53,FI,1709005142
550,gumia,23.7833,85.8167,25.1,32,100,0.83,IN,1709005142
551,harstad,68.799,16.5293,1.66,96,100,7.6,NO,1709005142
